date,PX_OPEN,PX_LAST,PX_HIGH,PX_LOW,VOLUME
2015-01-11,276.01,267.27,282.86,265.83,22815.02462
2015-01-12,267.54,268.75,274.44,266.24,21418.47996
2015-01-13,268.6,228.07,269.66,219,150459.1019
2015-01-14,228.49,182,228.49,166.45,269565.2998
2015-01-15,181,209.81,230.74,179.05,184371.6535
2015-01-16,209.81,208.5,223.1,197.72,80331.46519
2015-01-17,208.52,201.24,214,192.2,48913.36512
2015-01-18,200.31,211.03,222,194,65568.72956
2015-01-19,210.98,216.2,219.95,207,32438.30549
2015-01-20,216.14,212.11,219.25,203.7,52169.9645
2015-01-21,212.1,228.08,230,211,57794.88598
2015-01-22,228.05,234.7,242,225.29,57343.01438
2015-01-23,234.7,233.12,236.98,225.13,40153.10222
2015-01-24,233.37,248.66,249.77,229.03,40097.04259
2015-01-25,248.94,254.73,259.39,245,54049.0814
2015-01-26,254.72,276.01,315,254.65,205992.0247
2015-01-27,276.01,265.09,280.37,250,81712.86715
2015-01-28,265.55,234.5,269.97,226.35,87045.98063
2015-01-29,234.49,233.01,239.33,220,60109.92091
2015-01-30,233.7,226.45,243.89,224.22,51257.89171
2015-01-31,226.47,215.8,234.03,213.1,48929.51091
2015-02-01,215.91,226.92,233.32,211.02,55663.95598
2015-02-02,226.86,238.99,247.5,222.5,52340.3435
2015-02-03,238.86,227.96,248.42,222.66,81380.30367
2015-02-04,227.81,227.8,233,220.23,44328.27883
2015-02-05,227.79,216.47,228.8,210.12,37869.95924
2015-02-06,216.43,222.65,225.88,215,35652.27923
2015-02-07,222.66,228.8,239.78,222.66,35471.83677
2015-02-08,228.8,223.85,232.9,221.1,26127.26355
2015-02-09,224.13,220.48,225.98,215.33,48175.34836
2015-02-10,220.48,220.87,223.88,214,29287.58484
2015-02-11,220.75,219.8,224.4,218.1,19279.64534
2015-02-12,219.8,222.39,223.2,217.8,19995.20975
2015-02-13,222.56,236.13,242.5,221.46,68319.49566
2015-02-14,235.8,257,261.3,235.51,80559.73017
2015-02-15,257.01,235.88,268.54,228.2,103145.2982
2015-02-16,235.34,233.5,243.65,228.62,47236.52234
2015-02-17,233.5,244,246.28,231.5,40898.78594
2015-02-18,243.82,236.26,244.99,231.01,39347.85943
2015-02-19,236.27,240,243.42,234.97,23847.93734
2015-02-20,240.2,244.5,248.98,238.95,31341.12721
2015-02-21,244.51,245.54,247.73,243.28,16187.3669
2015-02-22,245.53,236.5,247.78,232.1,33576.50106
2015-02-23,236.5,239.4,241,232.61,23852.27132
2015-02-24,239.33,239.73,240.99,236.7,16615.81456
2015-02-25,239.95,237.99,240.83,235.53,13529.62773
2015-02-26,237.98,236.93,238.33,233.62,18687.24687
2015-02-27,236.93,255.05,262.8,236.64,69855.13329
2015-02-28,255.06,255.7,257.4,251.25,17286.14557
2015-03-01,255.7,262.4,266.91,245.65,47597.42467
2015-03-02,262.47,277.41,279.61,258.98,67168.4405
2015-03-03,277.3,283.75,294,267.04,81226.3983
2015-03-04,283.8,273.33,285.99,267,71521.58777
2015-03-05,272.92,277.69,284.99,262,66108.88463
2015-03-06,277.69,273.36,279.75,268.8,40276.57197
2015-03-07,273.27,276.97,280.76,270.55,22856.9456
2015-03-08,276.98,275.59,278.68,271.61,13853.79489
2015-03-09,275.58,291,295,275.01,62908.37768
2015-03-10,291.04,292.62,303.96,289.03,67389.78219
2015-03-11,292.64,296.6,298.75,291,25811.47179
2015-03-12,296.52,295.55,298.8,291.04,27275.11756
2015-03-13,295.52,283.18,295.91,282.13,46670.67482
2015-03-14,283.18,282.6,287.6,281.36,23011.19746
2015-03-15,282.54,286.9,287.8,281.59,13427.56795
2015-03-16,286.71,291.22,295.2,286.45,22313.42462
2015-03-17,291.24,285.25,292.9,281.56,22235.36985
2015-03-18,285.11,257.21,285.25,248,89923.41573
2015-03-19,257.2,261.98,269.5,246.98,78451.53718
2015-03-20,261.7,262.19,267,259.36,16197.47797
2015-03-21,262.18,260.47,263.01,255.1,15082.64922
2015-03-22,260.6,268.82,270.8,259.74,18263.49076
2015-03-23,268.6,267.23,271.5,262,23532.38493
2015-03-24,267.31,246,268.4,241.39,64117.86987
2015-03-25,246,246.29,250.95,235.7,53254.53178
2015-03-26,246.29,249.33,255,244.5,33260.96841
2015-03-27,249.21,246.5,250.45,245.23,22731.11194
2015-03-28,246.5,252.95,255.96,246.49,17724.68773
2015-03-29,252.9,242.74,253.01,238.89,31825.76835
2015-03-30,242.9,247.93,250.98,236.24,30725.35992
2015-03-31,247.93,244.51,248.8,242,22340.60195
2015-04-01,244.56,246.93,248.71,239.21,23555.26958
2015-04-02,247.07,253.23,254.94,243,26215.5431
2015-04-03,253.33,254.24,256.49,250.31,28294.99282
2015-04-04,254.24,253.6,255.7,250.32,9458.996559
2015-04-05,253.7,260.5,261.25,251.55,23998.87449
2015-04-06,260.75,255.73,262.45,253.4,20821.28788
2015-04-07,255.62,253.7,257.9,253.01,10602.25212
2015-04-08,253.7,244.92,254.99,242.72,39627.09143
2015-04-09,244.94,243.58,246.79,236.5,22642.23555
2015-04-10,243.56,236.12,243.74,230.75,37332.55696
2015-04-11,236.12,236.86,240.58,233.72,17745.94356
2015-04-12,236.83,236.38,238.7,232.38,10100.95286
2015-04-13,236.21,224.9,237.7,220.14,47137.09401
2015-04-14,224.9,220.16,225.75,216.37,40768.83003
2015-04-15,220.1,223.98,224.75,219.01,24034.52461
2015-04-16,223.8,228.14,230,223.01,28949.22754
2015-04-17,228.23,222.4,228.98,219.58,27060.86075
2015-04-18,222.39,223.08,224.16,219.94,11898.00868
2015-04-19,223.23,222.16,227,222.1,17571.78547
2015-04-20,222.28,224.21,227,221.24,19932.04807
2015-04-21,224.21,236.96,236.99,224.16,31768.42309
2015-04-22,236.18,234.14,238.99,232,22065.58915
2015-04-23,234.35,236.01,237.22,233,8848.921208
2015-04-24,235.82,231.38,236.51,228.7,22481.38343
2015-04-25,231.21,226.01,232.7,225.35,13390.72876
2015-04-26,226.1,219.7,226.84,213.92,40909.6565
2015-04-27,219.73,226.91,232.49,218.24,35237.99532
2015-04-28,227.44,225.3,228.05,222.16,17189.69733
2015-04-29,225.3,225.23,227.8,222.66,12204.23709
2015-04-30,225.56,236.11,240.89,224.63,41361.85776
2015-05-01,236.18,231.78,239.25,231.26,17016.63986
2015-05-02,231.75,234.81,235.79,231.75,8932.200582
2015-05-03,234.76,240.57,243.73,233.75,19159.47838
2015-05-04,240.69,238.54,243.6,236.98,24658.09329
2015-05-05,238.68,235.87,239.49,231.05,26115.90771
2015-05-06,235.85,229.27,236.75,226.42,47524.99717
2015-05-07,229.04,237.3,239.79,227.81,27216.12712
2015-05-08,237.3,244.5,249.22,236.2,31065.29966
2015-05-09,244.52,242.54,249.21,240.1,19372.31105
2015-05-10,242.53,240.73,245.95,238.79,11933.40665
2015-05-11,240.8,242.46,245.49,238.5,15989.07725
2015-05-12,242.44,241.92,244.67,240.86,13639.3247
2015-05-13,242.01,235.7,245,234.22,27912.30564
2015-05-14,235.72,236.7,238.39,232.1,19130.36373
2015-05-15,236.7,237.3,239,233.88,9526.752297
2015-05-16,237.24,235.7,237.58,234,6100.362871
2015-05-17,235.85,236.15,238.24,235.6,4806.560156
2015-05-18,236.25,232.82,237.25,229,14181.5302
2015-05-19,232.83,231.7,233.99,231.19,5868.661401
2015-05-20,231.56,234.24,235.24,231.56,11419.18037
2015-05-21,234.26,235.27,236.5,233.9,10508.63081
2015-05-22,235.25,240.97,241.83,234.59,22839.3337
2015-05-23,240.97,238.81,241.2,237.54,8514.038277
2015-05-24,238.86,240.96,242.98,238.52,7277.277084
2015-05-25,240.92,237.1,241.12,236.1,8684.720252
2015-05-26,237.1,237.36,238.5,235.26,8818.487224
2015-05-27,237.37,236.48,239.3,235,9190.040451
2015-05-28,236.75,236.86,237.5,235.85,5791.218708
2015-05-29,236.83,236.52,237.16,235.02,6839.528844
2015-05-30,236.72,232.54,236.73,228.2,14770.9904
2015-05-31,232.35,228.7,232.69,227,11657.27449
2015-06-01,228.38,222,230.89,219.71,31722.40363
2015-06-02,222.01,224.68,226,220.97,16451.17196
2015-06-03,224.7,225.14,227,222.26,17205.46369
2015-06-04,225.14,223.24,225.77,222.64,11211.32244
2015-06-05,223.24,224.51,229.23,222.65,17603.33492
2015-06-06,224.7,225.66,228,223.9,6830.975983
2015-06-07,225.69,223.26,227,222.29,17255.89548
2015-06-08,223.29,228.76,230.63,223.25,28828.66238
2015-06-09,228.79,229.06,232.07,227.79,16389.23269
2015-06-10,229.06,228.6,229.97,227.48,10773.51262
2015-06-11,228.61,230,230.7,228.6,9540.223746
2015-06-12,229.99,229.55,231.34,229.11,9752.034078
2015-06-13,229.51,232.87,234.3,228.4,11058.6271
2015-06-14,232.86,233.54,235.44,232.51,8262.111097
2015-06-15,233.5,236.98,238.16,233.35,19153.66136
2015-06-16,236.97,252.17,254,236,50864.75832
2015-06-17,252.19,248.95,259.1,246,47507.56832
2015-06-18,248.96,249.51,253.7,243,27557.79402
2015-06-19,249.38,244.56,252.13,243.5,23929.3557
2015-06-20,244.56,245.38,245.9,240,23906.50021
2015-06-21,245.38,244.25,245.69,241.09,8170.86177
2015-06-22,244.25,246.67,247.99,243.5,18508.52656
2015-06-23,246.69,244.25,247.35,242,11550.64366
2015-06-24,244.19,239.8,244.19,239,15567.44407
2015-06-25,239.75,242.05,243,239.5,8703.176193
2015-06-26,242.15,243.29,243.9,240.61,10163.37071
2015-06-27,243.29,251.61,251.77,242.6,18134.80647
2015-06-28,251.6,248.71,252.06,247.25,12904.13085
2015-06-29,248.71,256.69,257.74,248.57,34766.03163
2015-06-30,256.7,263.07,269,253.05,47278.28915
2015-07-01,262.9,258.1,264.81,252.77,21543.00132
2015-07-02,258.08,254.52,262.61,253,17333.69829
2015-07-03,254.52,256.09,256.9,252.11,11646.456
2015-07-04,256.12,260.58,262.64,253.57,9650.009147
2015-07-05,260.57,271.96,275.88,258,47847.8565
2015-07-06,271.82,269.23,278.69,267.33,56663.37218
2015-07-07,269.24,265.72,271.5,262.61,22261.54093
2015-07-08,265.78,270.52,274.11,263,35178.24762
2015-07-09,270.49,269.23,274,266.22,24012.13725
2015-07-10,269.22,285.36,296.1,268.58,89653.52305
2015-07-11,285.35,293.18,301.49,283.46,39246.40431
2015-07-12,293.19,311.15,316.23,291.81,60434.98402
2015-07-13,311.18,292.65,312,281.5,74185.04906
2015-07-14,292.6,286.83,297.25,286,23532.18616
2015-07-15,286.87,285.42,294.44,283.51,21724.73337
2015-07-16,285.42,278.94,295,275.21,52862.42327
2015-07-17,278.93,279.82,281.55,272,25360.43592
2015-07-18,279.52,277.25,283.33,276.12,15393.9052
2015-07-19,277.25,275.04,279.18,274.69,8015.116446
2015-07-20,275.04,280.2,280.5,273.5,12344.24155
2015-07-21,280.2,275.55,282.1,275.09,13041.15058
2015-07-22,275.55,277.99,278.39,274.5,10965.62496
2015-07-23,277.88,276.51,278.44,275.56,5434.124773
2015-07-24,276.48,288.6,289.93,276.02,24289.51714
2015-07-25,288.58,289.37,292.35,286.39,11608.53006
2015-07-26,289.36,293.01,294.57,288.12,9326.277817
2015-07-27,293,294.84,298.74,286,25470.11208
2015-07-28,294.73,295.23,298.93,293.61,14363.1927
2015-07-29,295.24,289.92,295.68,286.02,15838.21441
2015-07-30,289.92,288.21,291,284.01,12138.69713
2015-07-31,288.02,284.45,289.85,281,14587.82173
2015-08-01,284.45,280.31,284.99,276.53,12322.36791
2015-08-02,280.31,282.44,283.44,276.26,11744.26293
2015-08-03,282.44,281.28,287.05,279.7,14793.62873
2015-08-04,281.28,285.47,285.94,281.28,11989.28782
2015-08-05,285.47,282.41,285.94,279.7,8849.632247
2015-08-06,282.58,279.08,282.58,278,8941.090099
2015-08-07,279.08,280.19,281,276.07,12711.18708
2015-08-08,280.04,261.34,280.32,260.62,36959.89706
2015-08-09,261.43,265.58,267.6,260.73,20867.96225
2015-08-10,265.69,265.1,267.72,262.17,10783.26024
2015-08-11,265.09,271.96,272.99,264.81,12654.87381
2015-08-12,271.97,267.09,273.75,265.8,16300.51608
2015-08-13,267.09,264.47,268,263.33,12871.17274
2015-08-14,264.47,266.09,268.97,262.13,13586.58736
2015-08-15,266.32,262.2,267.76,260.96,10398.48328
2015-08-16,262.04,259.9,262.9,256.5,27231.34118
2015-08-17,259.9,258.49,262.37,257.4,9940.9194
2015-08-18,258.5,214,258.5,162,88032.39934
2015-08-19,214.09,226.32,255.08,198,78315.06981
2015-08-20,226.27,235.54,237.94,226.27,26308.87033
2015-08-21,235.55,232.17,236.43,228.76,13064.18358
2015-08-22,232.46,230.27,234.71,221.77,20895.61342
2015-08-23,230.33,228.53,232.88,223.05,12119.38389
2015-08-24,228.1,210.5,228.69,207.62,53295.40794
2015-08-25,210.49,222.68,228.77,196.6,69277.66517
2015-08-26,222.68,226.12,232.38,220.1,23772.39595
2015-08-27,226.13,225.76,229.5,224,11742.60059
2015-08-28,225.66,231.83,238.9,220.11,27328.70337
2015-08-29,232.08,230.75,234.03,227.16,10072.00742
2015-08-30,230.9,229.99,233.96,225.2,8821.011965
2015-08-31,229.99,231.35,233.69,225.31,10923.5834
2015-09-01,231.06,228.24,232.39,226.55,9810.611827
2015-09-02,228.24,229.71,231.89,226.51,9011.856467
2015-09-03,229.71,227.25,229.96,226.1,6915.709671
2015-09-04,227.29,230.89,231.66,227.01,10799.59832
2015-09-05,230.88,235.84,239.76,230.01,12199.23029
2015-09-06,235.84,240.97,248.48,235.5,20519.61403
2015-09-07,241,240.85,243,239.03,6949.441158
2015-09-08,240.91,244.2,247.68,240.27,16374.81175
2015-09-09,244.2,239.07,245.57,238.38,14351.38526
2015-09-10,238.97,239.49,241.9,237.01,10791.49281
2015-09-11,239.4,240.6,242.89,228.42,10243.49204
2015-09-12,240.9,235.77,241,235.33,9280.942915
2015-09-13,235.86,230.96,236.85,228.95,10215.58303
2015-09-14,231.11,230.89,233.9,228.4,9416.990723
2015-09-15,231.07,230.93,232.93,227.33,7621.528125
2015-09-16,230.91,228.99,232.12,227.38,8185.353556
2015-09-17,228.99,233.61,235.94,228.99,12037.78995
2015-09-18,233.65,228.34,236.26,227,9007.772553
2015-09-19,233.79,232.09,234.19,231.5,4329.157273
2015-09-20,232.01,232.12,233.38,231.4,3457.174174
2015-09-21,232.11,227.22,232.97,226.38,9274.079853
2015-09-22,227.25,231.11,233.95,224.25,18854.93661
2015-09-23,231.43,230.54,233,230.03,5720.275475
2015-09-24,230.57,234.65,236.25,230.54,15377.24097
2015-09-25,234.65,235.26,237.7,233.05,9861.427777
2015-09-26,235.39,234.63,235.95,233.75,4796.048117
2015-09-27,234.63,233.37,234.78,233,2592.001554
2015-09-28,233.37,240.43,241.44,233.37,12488.22016
2015-09-29,240.43,236.8,241.5,236.61,9459.778905
2015-09-30,236.9,236.49,238.78,235.11,5152.915201
2015-10-01,236.72,238.48,240.09,236.19,6107.430969
2015-10-02,238.25,237.86,240,237.33,5607.989365
2015-10-03,237.84,239.79,241.11,237.68,6221.097363
2015-10-04,239.73,239.5,240.93,239.29,2081.942415
2015-10-05,239.47,242,242.89,236.24,12198.93702
2015-10-06,242.01,247.36,249.01,241.51,16277.34954
2015-10-07,247.35,244,247.93,243.5,8806.626529
2015-10-08,244,243,245.65,242.62,6046.705284
2015-10-09,242.99,244.82,245.45,242.63,3572.489262
2015-10-10,244.93,246.01,246.41,243.5,4196.526677
2015-10-11,245.93,247.99,248.73,243.75,4868.941702
2015-10-12,247.92,246.17,248.45,245.21,5203.509982
2015-10-13,246.15,251.25,253.43,244,16746.31969
2015-10-14,251.08,253.5,255.95,250.1,10143.26694
2015-10-15,253.5,255.19,257.5,253.44,10462.87049
2015-10-16,255.19,263.45,267.83,254.91,21966.84228
2015-10-17,263.47,272.9,275.19,258.32,42840.66768
2015-10-18,272.9,265.01,274.66,263.3,15347.19309
2015-10-19,265.29,265.1,268.28,262.35,10903.41917
2015-10-20,265.02,270.97,273.97,264.39,14439.64409
2015-10-21,270.99,267.8,272.28,264.1,10617.4463
2015-10-22,267.99,275.83,279.97,267.3,27240.76958
2015-10-23,275.83,279.21,280.9,275.15,15857.56334
2015-10-24,279.04,284.19,284.47,279,13934.58657
2015-10-25,284.19,284.79,295.99,281.2,40017.6508
2015-10-26,284.7,287.22,287.92,282.25,17157.55628
2015-10-27,287.22,295.29,298.86,286.71,26822.84229
2015-10-28,295.29,304.5,307.99,295.29,35610.6397
2015-10-29,304.5,314.88,321.53,301.5,51213.84331
2015-10-30,314.23,328.19,336,313.82,62862.23794
2015-10-31,328.2,316,335.87,307.2,42942.31179
2015-11-01,316,330.23,333.49,313.6,25673.08702
2015-11-02,330.23,365.33,373.12,326.8,71218.14799
2015-11-03,365.08,405,423.88,361.11,171811.4742
2015-11-04,404.98,409.24,504,366.66,274470.2382
2015-11-05,409.23,387.14,449.95,370,157932.048
2015-11-06,387.93,375.56,396.78,351.2,106656.2053
2015-11-07,375.56,384.99,392.23,371.32,34416.71346
2015-11-08,384.28,374.1,390.33,365.56,30831.92301
2015-11-09,374.52,381.1,388.99,360,38111.95485
2015-11-10,381.1,340.18,383.4,327.02,88482.2857
2015-11-11,340.18,314.45,343.79,300.28,117018.9315
2015-11-12,314.45,336.84,346.44,314.14,57236.75521
2015-11-13,336.86,338.53,343.75,326.22,29935.63023
2015-11-14,338.54,333.37,340.72,328.5,20324.62677
2015-11-15,333.39,320.52,336.6,315,31597.16786
2015-11-16,320.8,332.1,335,315.2,25747.01424
2015-11-17,332.16,336.29,342.5,331.05,27167.97702
2015-11-18,336.29,335.94,338.99,327.91,15625.53832
2015-11-19,335.83,326.5,336.57,324.02,18932.55286
2015-11-20,326.49,322.2,326.77,309.46,30160.01025
2015-11-21,322.29,327.84,329.35,318.95,10478.85572
2015-11-22,327.84,324.66,327.85,320.36,7051.90999
2015-11-23,324.66,323.63,327.5,320.9,7775.675157
2015-11-24,323.65,320.1,323.77,315.55,9618.01049
2015-11-25,320.49,329.85,332.43,316.02,20618.1657
2015-11-26,329.85,354,369.9,329.35,81494.12981
2015-11-27,354,358.9,367,348.18,34902.85886
2015-11-28,359,358.6,362.44,351,19427.67779
2015-11-29,358.54,373.89,376,355.17,25800.68952
2015-11-30,373.84,376.88,384.99,368.11,47495.85538
2015-12-01,376.89,362.59,379.99,353.1,44101.91748
2015-12-02,362.59,359.12,363.22,346.13,31554.77112
2015-12-03,359.12,360.53,371.5,352.25,27383.7999
2015-12-04,360.62,363.17,364.4,354.31,14651.4875
2015-12-05,363.04,389.79,395,362.08,46142.2954
2015-12-06,390.01,390.6,407.57,386.01,60599.92466
2015-12-07,390.88,396.7,404.24,384.53,33608.01167
2015-12-08,397,422,422.39,388.37,33197.62323
2015-12-09,422,418.73,426.59,405,52055.32071
2015-12-10,418.86,414.94,421.82,411.09,21325.44368
2015-12-11,414.88,457,458.99,414.8,75656.53043
2015-12-12,456.32,435.61,475.04,402.5,104706.951
2015-12-13,435.61,433.36,443.92,415.24,33630.91541
2015-12-14,432.91,442.59,450,427.3,27298.36713
2015-12-15,442.55,466.01,467.29,442.51,41307.22114
2015-12-16,466.43,454.94,469.99,440,67047.0154
2015-12-17,454.94,455.57,458.56,446.21,17868.85559
2015-12-18,455.71,463.52,466.6,450.1,27050.45154
2015-12-19,463.51,462.44,467,452,21223.57972
2015-12-20,462.45,442.62,462.78,431.5,46323.16553
2015-12-21,442.62,437.52,447.45,424.37,43203.80505
2015-12-22,437.81,435.65,443.64,433,18516.12085
2015-12-23,435.05,442.62,445.76,433.62,16464.78678
2015-12-24,442.62,456.13,459.1,442.45,19865.73832
2015-12-25,456.02,455.47,460,445,15176.72803
2015-12-26,455.3,416.51,460.05,405.5,96491.88017
2015-12-27,416.35,422.32,424.89,407,27798.81551
2015-12-28,421.82,420.24,429,417.01,24284.33008
2015-12-29,420.11,431.79,433.55,418.01,22073.5632
2015-12-30,431.77,423.55,434,420,22247.59646
2015-12-31,423.51,429.02,432.59,412.5,21403.65928
2016-01-01,429.17,433.98,436.49,426.26,13077.66891
2016-01-02,433.89,432.7,435.8,430,6347.952931
2016-01-03,432.66,428.39,433.07,421.73,19201.83336
2016-01-04,428.63,432.9,435.67,426.97,12950.38203
2016-01-05,432.61,431.84,434.91,427.91,11172.00382
2016-01-06,431.99,428.89,432.24,425.03,9440.114764
2016-01-07,428.2,458.78,462,427.11,55448.62348
2016-01-08,458.41,454,465,446.55,29967.95309
2016-01-09,454,449.23,456.01,447.07,8950.479347
2016-01-10,449.23,449.35,450.26,441.01,13778.25597
2016-01-11,449.34,449.26,452.49,443.42,14814.61192
2016-01-12,449.26,432.04,449.98,427.01,20739.28808
2016-01-13,431.99,431.11,436.36,416,33154.90771
2016-01-14,431.09,429.25,435,426,13304.53779
2016-01-15,429.27,359.16,429.43,357.02,123890.2707
2016-01-16,359.16,388.4,392.5,352.5,74062.26019
2016-01-17,388.43,382.02,393.31,378.76,20715.0043
2016-01-18,382.11,387.1,390,375.01,19469.04404
2016-01-19,387.04,378.93,388.61,377.41,17187.63604
2016-01-20,378.94,419.55,428,375.01,82802.50153
2016-01-21,419.65,411.01,424.57,405,29020.24648
2016-01-22,411,380.96,411.2,371.25,62213.91956
2016-01-23,381,385.57,394.81,379.85,21470.9185
2016-01-24,385.55,402.77,407.33,385.1,23219.92784
2016-01-25,402.76,390.96,402.77,384,22664.63967
2016-01-26,390.91,391.41,398,386.66,13322.87043
2016-01-27,391.23,394.97,396.99,389.66,8538.432036
2016-01-28,394.7,378.39,395.48,375.01,25024.08114
2016-01-29,378.15,377.6,386,360.03,62204.81103
2016-01-30,377.4,376.56,380.6,374,10501.94798
2016-01-31,376.31,365.52,378.9,362.57,14887.77869
2016-02-01,365.58,371.42,379.27,363.23,24797.19676
2016-02-02,371.22,372.9,374.8,369.69,10443.46214
2016-02-03,372.9,368.98,374,365.65,13195.1502
2016-02-04,369,389.96,393.89,368.65,37339.91926
2016-02-05,389.98,386.54,393,384.19,16879.23587
2016-02-06,386.54,373.75,386.54,365,40202.13385
2016-02-07,373.71,372.01,377.8,369.17,13056.06239
2016-02-08,372.26,370.49,377,369.01,16881.20552
2016-02-09,370.29,374.31,377.96,370.04,9216.518899
2016-02-10,374.43,381.17,387,373.13,33532.24586
2016-02-11,380.97,377.99,383.23,372.25,14521.32802
2016-02-12,378,382.94,383.53,377.04,10146.83585
2016-02-13,382.94,393,393,382.55,14755.53766
2016-02-14,392.99,408.3,408.66,392.93,29423.67609
2016-02-15,408.3,399.9,412.5,395.23,30129.68519
2016-02-16,400.08,407.27,408.77,398.66,13991.05678
2016-02-17,407.37,414.88,421.9,405.16,30400.76489
2016-02-18,414.89,421.5,426.21,412.51,25228.63443
2016-02-19,421.51,419.85,422.54,412,13268.55625
2016-02-20,419.72,438.7,445.96,419.72,47477.18201
2016-02-21,438.73,440.49,451.6,428.01,43012.3641
2016-02-22,440.49,440.27,442.5,433.01,16337.46644
2016-02-23,440.25,421.4,442.67,416.24,32431.14308
2016-02-24,421.5,426.36,427.5,409.69,22426.109
2016-02-25,426.36,424.88,430,419.5,13595.76031
2016-02-26,424.89,435.49,435.9,419.83,18860.34189
2016-02-27,435.49,434.3,438.6,431.81,11592.35337
2016-02-28,434.03,434.45,437.89,422.1,19852.2711
2016-02-29,434.46,438.99,445,430.51,20389.46046
2016-03-01,439.53,434.82,442.79,427.26,19625.83278
2016-03-02,434.99,422.09,436.45,421.11,16463.12915
2016-03-03,421.7,420.56,424.43,416.4,20874.0514
2016-03-04,420.19,408.82,423.99,407.5,21749.41986
2016-03-05,408.71,397.36,410.14,389,46951.8516
2016-03-06,397.37,403.75,409.5,392.01,19707.20472
2016-03-07,403.77,412.7,415.8,401.51,15306.22133
2016-03-08,412.62,411.35,416,406,10227.45551
2016-03-09,411.34,413.05,414.5,407.47,9027.753219
2016-03-10,412.9,416.51,418.24,410.68,13709.08292
2016-03-11,416.64,420.47,423.6,415.5,15464.77864
2016-03-12,420.49,410.01,421.81,406.38,17020.42554
2016-03-13,410.01,411.87,416,410,7628.342534
2016-03-14,412,415.91,417.99,411.7,9210.432259
2016-03-15,415.99,415.5,418.82,412.78,9632.105654
2016-03-16,415.52,417.28,418,413.96,7066.706447
2016-03-17,417.28,418.75,420.6,416.67,8308.821378
2016-03-18,418.71,407.86,418.86,403.01,21090.86036
2016-03-19,407.5,408.68,412,404,8954.99064
2016-03-20,408.7,411.25,413.2,407.92,5655.496142
2016-03-21,410.81,411.88,412.14,406,7818.387808
2016-03-22,411.85,417.7,418.68,409.88,10196.10581
2016-03-23,417.7,418.12,419.72,415.83,7195.021234
2016-03-24,418.12,415.3,418.13,414,7559.671086
2016-03-25,415.3,416,417.03,413.03,3690.245881
2016-03-26,416.02,416.71,419.4,413.2,5039.739359
2016-03-27,416.72,427.36,431,415.79,22410.7569
2016-03-28,427.34,424.06,427.99,422.38,9241.0165
2016-03-29,424.03,416,426.41,406.51,23306.7306
2016-03-30,415.87,413.12,416,408.58,9037.930675
2016-03-31,413.04,416.02,418.25,413.04,7268.31766
2016-04-01,416.34,417.9,417.9,414,5456.769439
2016-04-02,417.89,420.3,422.8,417.53,6070.788239
2016-04-03,420.31,420.6,421.82,416,4254.119948
2016-04-04,420.99,420.46,421.2,416.24,5751.293142
2016-04-05,420.46,423.75,425,419.61,7261.820827
2016-04-06,423.75,422.57,424.68,421.69,5680.193073
2016-04-07,422.52,422.28,422.86,417.78,7727.140246
2016-04-08,422.29,418.5,424.49,415.5,9847.578526
2016-04-09,418.23,418.47,418.76,412,6326.973499
2016-04-10,418.48,421.32,422.9,417.49,4248.021756
2016-04-11,421.32,423.74,423.9,418.8,6404.839315
2016-04-12,423.75,426.59,430,423.56,14772.70507
2016-04-13,426.78,424.75,427.68,423,6666.454459
2016-04-14,424.77,426.01,426.49,424.01,4132.516662
2016-04-15,426.01,431.48,432.49,426.01,15836.34443
2016-04-16,431.06,432.04,435.67,430.47,7705.230141
2016-04-17,432.52,428.51,433.49,426.37,8483.817213
2016-04-18,428.51,430.03,430.91,426.52,7577.099822
2016-04-19,430.04,437.76,439,428.54,12049.76317
2016-04-20,437.81,443.85,446.61,436.6,21245.46998
2016-04-21,443.82,452.26,454.5,442.01,17836.12815
2016-04-22,452.01,447.8,453.15,444.51,12208.12422
2016-04-23,447.79,453.69,454.95,445.67,10158.08874
2016-04-24,453.41,463.02,464.99,450.18,24137.22663
2016-04-25,463.33,461.77,471.58,455,25926.48596
2016-04-26,461.77,468.14,471.99,461.77,18688.00356
2016-04-27,468.14,444.85,470.17,443,40283.22481
2016-04-28,445.14,450.46,450.83,435,25328.14705
2016-04-29,450.52,455.32,457.49,445.8,13419.02987
2016-04-30,455.33,446.6,455.98,445.01,10583.37006
2016-05-01,446.79,451.11,452.99,445.69,3901.338943
2016-05-02,451.12,443.73,452.5,436,29738.73406
2016-05-03,443.99,450.39,452,440.1,12157.57209
2016-05-04,450.21,447.38,450.98,445.07,7045.363569
2016-05-05,447.22,448.4,451.68,445.51,10788.72697
2016-05-06,448.32,461.18,466,448,26539.51961
2016-05-07,461.36,460.2,463.05,458.3,7810.854924
2016-05-08,460.34,459.87,461.62,456.04,6454.871891
2016-05-09,459.88,461.56,465.4,457.8,15120.94676
2016-05-10,461.23,450.7,465,445.01,22571.93909
2016-05-11,450.7,452.28,454.68,450.01,8033.34447
2016-05-12,452.28,455.01,456.75,445.91,18088.0116
2016-05-13,455,455.76,457.66,452,7127.417905
2016-05-14,455.75,455.8,458.86,454,3608.809029
2016-05-15,455.8,457.89,460.67,454.31,5644.052143
2016-05-16,457.95,453.01,458.95,451,8789.987837
2016-05-17,453,453.24,454.91,451,7609.40911
2016-05-18,452.71,453.52,457,451.53,7162.257039
2016-05-19,453.52,434.55,454.71,433,30396.81256
2016-05-20,434.99,441.57,443.14,433,14241.01574
2016-05-21,441.57,440.81,442.16,435.3,6222.709276
2016-05-22,440.88,437.48,441,435.1,7236.706016
2016-05-23,437.4,443.51,444.4,436.51,7873.127273
2016-05-24,443.53,445.03,447.85,442.39,8329.833717
2016-05-25,445,449.09,450.51,442.5,12353.39239
2016-05-26,449.09,453.95,454.8,446.01,9517.722139
2016-05-27,453.58,472.01,482.31,453.58,59125.78989
2016-05-28,472.01,526.02,543,471,74521.63291
2016-05-29,527,531,570,512.11,83566.13453
2016-05-30,529.97,532.89,548.5,521.11,32596.67572
2016-05-31,533.14,530.69,546.5,518,49880.61186
2016-06-01,530.69,536.79,546.12,523.75,27816.55857
2016-06-02,536.91,538.8,544,532.37,16882.36888
2016-06-03,538.9,570.87,579.94,535.65,48446.29177
2016-06-04,570.82,572.87,593.89,560.1,39118.52414
2016-06-05,573.08,574.02,586.47,564.64,28143.30108
2016-06-06,574.01,585.34,588.6,573.93,27464.29482
2016-06-07,585.59,576.88,592.08,561.3,36112.75303
2016-06-08,577.23,583.05,585.15,570.62,18084.17616
2016-06-09,583.26,575.52,584.05,569.97,21873.89242
2016-06-10,575.52,580.09,582.43,572.5,16178.04239
2016-06-11,580.08,614.51,615,579.29,28441.70391
2016-06-12,614.51,672,685,601.34,116432.0403
2016-06-13,671.98,705.87,719,658,117683.1762
2016-06-14,705.87,684.5,705.88,656.51,65715.57002
2016-06-15,684.5,696.99,699.4,667.89,34104.05155
2016-06-16,698,769.5,779,697.31,123792.1033
2016-06-17,769.46,747.95,780,702.01,97376.65113
2016-06-18,747.7,757.6,789.78,720,66955.08892
2016-06-19,757.63,767.3,775,739,26699.531
2016-06-20,767.31,743.9,767.77,721,46264.53576
2016-06-21,742.98,668.6,742.98,635.37,102133.4348
2016-06-22,669,605.85,688.32,588.88,100527.2434
2016-06-23,605.87,625.8,639,555.56,122951.1963
2016-06-24,625.8,665.5,679.99,625.79,92367.92349
2016-06-25,665.99,664.87,698,640.11,55625.81219
2016-06-26,664.38,627.42,668.01,614.33,45122.51971
2016-06-27,627.75,662.33,662.33,616.07,46177.36715
2016-06-28,662.28,646.61,664.26,631.65,35578.38731
2016-06-29,646.22,640,646.25,621.58,33257.9732
2016-06-30,640.29,674.74,677.47,635.57,40248.02351
2016-07-01,674.57,674.75,690.62,667.61,41619.56329
2016-07-02,675.04,705.99,706,673.36,29202.51845
2016-07-03,705.99,659.29,706.98,644.1,44643.74664
2016-07-04,659.33,681.34,684.44,644.46,23524.41815
2016-07-05,681.35,667.8,682.7,655.3,17404.86099
2016-07-06,667.77,677.04,682.9,666.71,15922.7377
2016-07-07,677.35,640.51,682,610.1,75728.02668
2016-07-08,640.33,664.8,666.66,633.75,32848.48926
2016-07-09,664.42,648.11,664.43,620,46883.15868
2016-07-10,648.12,649.72,651.47,636.09,10274.86472
2016-07-11,649.08,647.95,662.6,643.4,13920.79218
2016-07-12,648.19,667.19,679.9,645.45,30215.61142
2016-07-13,667.07,653.7,669.87,652.51,17511.7916
2016-07-14,653.61,659.78,667.5,649.89,20197.93077
2016-07-15,660.18,665.5,669.95,658.11,9472.169584
2016-07-16,665.5,665.33,669.65,659.12,5924.144145
2016-07-17,665.33,683.2,689.96,663.61,20414.44363
2016-07-18,683.18,674.3,686.74,666.02,18078.66363
2016-07-19,674.31,675,678.59,665,10947.29773
2016-07-20,675.3,665.85,676,661,12852.46911
2016-07-21,665.91,665.01,668,654.97,10702.0056
2016-07-22,665.01,648.04,668,639.41,27841.92311
2016-07-23,648.11,654.03,657.13,644.97,10004.54717
2016-07-24,654.9,661.82,664.15,650.52,14018.78565
2016-07-25,661.73,654.17,664.41,646.22,14838.3411
2016-07-26,653.91,648.47,657.61,640.56,20359.80927
2016-07-27,648.1,655.51,662.78,646.44,13286.8644
2016-07-28,655.5,655.93,659.67,652.52,8880.202421
2016-07-29,656.52,658.34,660.49,654.54,9227.871506
2016-07-30,658.32,654.99,660.46,647.79,8090.960485
2016-07-31,654.99,622.83,655.17,621.25,33255.80468
2016-08-01,622.83,608.29,627.35,605.01,31426.51603
2016-08-02,608.24,604.1,615.29,595,33013.96234
2016-08-10,579,590.28,614.5,579,21352.11112
2016-08-11,590.5,591.27,599.75,584.59,15295.56243
2016-08-12,591.26,585.5,593,584,6287.9876
2016-08-13,585.5,583.73,590.02,582,6420.322837
2016-08-14,583.73,569.41,583.75,564,7530.309042
2016-08-15,569.65,564.64,575.75,562.99,7650.169517
2016-08-16,564.55,574.17,579,564,6221.584671
2016-08-17,574.23,571.83,578.5,569,5033.031213
2016-08-18,571.95,572.21,578.75,569.71,6000.622989
2016-08-19,572.33,573.51,577.25,570.82,2942.517267
2016-08-20,573.61,582.1,582.75,571.25,3326.814862
2016-08-21,582.01,581.42,584.27,580,2425.607211
2016-08-22,581.5,588.01,589.99,581.28,4623.227078
2016-08-23,588.01,583.54,590.69,581.1,4803.806735
2016-08-24,583.55,580.32,586.91,580,5052.56706
2016-08-25,580.23,577.2,581.14,574.01,3571.552716
2016-08-26,576.89,578.02,579.51,575.06,1769.100702
2016-08-27,578.09,568.55,578.99,567.23,2258.285485
2016-08-28,568.45,574.17,574.54,568.18,1518.129512
2016-08-29,574.26,574.78,578.1,573.01,2800.790538
2016-08-30,574.75,579.49,580.28,574.07,3195.799814
2016-08-31,579.37,576.15,579.52,572.02,3511.253862
2016-09-01,576.27,572.73,577.98,571.43,3616.494531
2016-09-02,572.73,579.85,581.23,570.61,5670.916866
2016-09-03,579.85,609.89,615,576.04,8205.252574
2016-09-04,610,614.52,618.65,601.83,5061.103884
2016-09-05,614.51,611.5,615.68,603.84,5077.207911
2016-09-06,612.24,615.23,617.53,609.7,3089.900301
2016-09-07,615.3,619.75,620.85,610.83,5526.088154
2016-09-08,619.95,631.73,636.16,617.12,8271.439938
2016-09-09,631.73,626.25,633.81,621.24,4272.066724
2016-09-10,626.36,628,629.65,624.68,4044.144258
2016-09-11,628,612.08,635,595.36,9640.781543
2016-09-12,612.08,611.62,615.21,608.01,4972.782787
2016-09-13,611.64,614.23,640,610,7273.90803
2016-09-14,614.25,613.88,617.38,612.01,5932.201443
2016-09-15,613.88,611.81,617.93,611,4374.861248
2016-09-16,611.81,610.01,614.22,609.54,3703.332128
2016-09-17,610,607.69,610.75,604.96,3566.49932
2016-09-18,607.98,613.03,616.34,607.18,2932.957932
2016-09-19,613.03,609.79,615.05,608.6,2956.9664
2016-09-20,609.79,600.14,612.01,600.01,3414.859851
2016-09-21,600.13,597.43,601.18,591,7658.451694
2016-09-22,597.43,597.08,598.7,595.92,2333.425311
2016-09-23,597.08,603.29,603.99,595.95,1957.411008
2016-09-24,603.28,602.55,606,601,943.403307
2016-09-25,603.01,600.36,603.99,597.3,1385.718045
2016-09-26,600.24,609.14,610.1,599.86,3113.730873
2016-09-27,608.94,605.53,609.91,602.01,3196.800567
2016-09-28,605.5,603.76,605.77,603.07,2052.84259
2016-09-29,604.01,604.6,607.96,603.04,3144.330702
2016-09-30,604.6,611.1,613.27,603.99,2363.9077
2016-10-01,611.1,614.09,616.87,611.1,1900.060052
2016-10-02,614.08,609.09,614.21,575,4967.641681
2016-10-03,608.98,612.67,618,608.91,3284.722178
2016-10-04,612.68,610.98,614.11,609.63,4006.496963
2016-10-05,610.71,614.09,617.28,610,3411.107041
2016-10-06,614.3,613.51,615.9,612.68,3075.057597
2016-10-07,613.95,620.13,621.71,613,4853.354653
2016-10-08,619.99,620.5,622.87,617.91,3113.236697
2016-10-09,620.7,616.56,620.91,614.01,2735.938973
2016-10-10,616.55,618.87,620,615.91,3178.066558
2016-10-11,618.87,641.87,646.86,618.06,12434.74757
2016-10-12,642,637.63,644.07,636.91,3854.247786
2016-10-13,637.62,637.01,644.29,636.38,5009.933792
2016-10-14,637.01,643,645.4,636.72,6637.090713
2016-10-15,642.74,640.2,645.69,637.91,2402.262426
2016-10-16,640.42,644.18,645.8,639.82,2389.290656
2016-10-17,644.17,639.79,644.56,637.58,5018.031772
2016-10-18,639.71,638.68,641.98,632.93,6087.911737
2016-10-19,638.69,631.77,644,627.84,8991.461845
2016-10-20,631.56,632.46,633.61,628,3336.853393
2016-10-21,632.46,636.73,639,632,7218.712387
2016-10-22,635.91,664.99,672.2,635.06,10094.58498
2016-10-23,664.99,659.03,671.4,656.04,5729.983524
2016-10-24,658.36,654.65,659.41,654.01,5695.450238
2016-10-25,654.35,659.52,670,652.6,5525.770698
2016-10-26,659.49,678.7,685.84,658.46,11694.72076
2016-10-27,678.7,688.67,690.92,676.69,12929.47409
2016-10-28,688.29,693.47,695.34,681.08,10104.62726
2016-10-29,693.32,714.51,724,691.42,15281.35978
2016-10-30,714.74,702.55,716.66,696.96,12196.45481
2016-10-31,702.57,701.02,709,687.6,8567.859717
2016-11-01,701.01,734.6,746.55,701.01,22309.54256
2016-11-02,734.6,750.85,751.47,723.59,9392.429127
2016-11-03,751.1,692.51,754.66,676,28203.16503
2016-11-04,692.66,707.62,710.9,686.42,14558.28566
2016-11-05,708.15,708.89,713.88,700.82,6022.259966
2016-11-06,709.14,713.95,721.61,700.01,7163.328969
2016-11-07,713.8,705.55,713.8,700.02,3788.612455
2016-11-08,705.42,711.99,717.99,703,9870.580002
2016-11-09,711.98,724.54,743.06,708.5,15100.09957
2016-11-10,723.37,714.87,725,709.13,4457.544065
2016-11-11,714.87,716.22,719.37,712.03,4914.198729
2016-11-12,716.61,703.57,716.99,700.1,5914.206992
2016-11-13,703.56,703.64,706.47,687.6,8691.960064
2016-11-14,703.61,707.43,709.91,698.76,6011.546517
2016-11-15,707.44,712.17,720.05,707.4,7936.330432
2016-11-16,712,744.98,747.49,710,17948.50671
2016-11-17,744.98,740.67,763.85,735,14889.30875
2016-11-18,740.01,753.97,759.89,734.5,6962.710857
2016-11-19,753.91,752.9,759.99,740,6044.662876
2016-11-20,752.17,729.67,757,711.16,13912.62381
2016-11-21,729.68,738.99,740.6,728.08,7200.785115
2016-11-22,739,749.85,753.91,733.25,9485.31654
2016-11-23,749.85,742,750.91,730.79,5581.257493
2016-11-24,741.99,737.61,744.32,727.61,6069.217533
2016-11-25,737.67,740.36,741.12,730,4062.259137
2016-11-26,739.77,731.19,740.99,720,4490.186856
2016-11-27,731.27,724.9,736.19,722.5,3495.317801
2016-11-28,724.99,731.52,734.99,724.99,4139.058986
2016-11-29,731.52,731.05,734.89,728.68,5649.696318
2016-11-30,731.06,739,743.14,728.98,5529.651952
2016-12-01,739,755.36,756,738.8,13400.31286
2016-12-02,755.42,774.88,779.21,755.15,13415.18994
2016-12-03,774.87,765.46,774.87,755.98,5730.443186
2016-12-04,765.98,768.5,769.99,758.82,4202.675895
2016-12-05,768.5,750.62,769,744.59,10067.8722
2016-12-06,750.85,757.36,758.5,750.44,5279.31102
2016-12-07,757.18,765.01,774.92,746.16,10694.95442
2016-12-08,765.02,765.01,773.2,762.66,4751.019449
2016-12-09,765.01,770.5,772.72,765,3651.765071
2016-12-10,770.5,772.9,777.77,769.99,3364.776
2016-12-11,773.01,770.21,773.73,761.84,4144.94343
2016-12-12,770.21,777.99,785,770.21,6758.339762
2016-12-13,777.99,775,788.87,762.89,5581.844003
2016-12-14,775,774.49,781.16,771.15,3680.695691
2016-12-15,774.5,777.43,780.12,774.5,3184.82203
2016-12-16,777.78,784.17,785.06,775.85,4774.942176
2016-12-17,784.17,790.99,793,782.93,6201.337735
2016-12-18,790.99,790.21,792.8,784.36,2432.001158
2016-12-19,790.18,790.59,792.27,787.75,2153.173421
2016-12-20,790.59,797.99,802.33,787.86,6992.559286
2016-12-21,797.99,829.34,830.5,794.95,16218.64051
2016-12-22,829.33,859.2,874,825,15249.7644
2016-12-23,859,918.99,920,859,26032.66404
2016-12-24,917.29,895.24,919.99,882.41,7388.143102
2016-12-25,895.31,898,904.55,858.62,12044.63319
2016-12-26,898,906.4,920,894.21,11822.15681
2016-12-27,906.37,936.43,940,903.51,9187.271647
2016-12-28,936.42,981.7,983,935.93,20822.76642
2016-12-29,981.7,974.74,983,945,22557.86308
2016-12-30,973.41,959.26,974.32,929.5,19356.95874
2016-12-31,959.19,966.58,968.2,945.01,7156.027717
2017-01-01,966.61,998.99,1006.5,961.26,13441.14898
2017-01-02,999,1019.3,1035,994.1,21808.63451
2017-01-03,1019.6,1037.5,1040,1013.5,14107.95571
2017-01-04,1037.6,1139.6,1150,1036.4,53728.83877
2017-01-05,1138.3,1003.2,1166,850.79,91204.82487
2017-01-06,1003.8,898.5,1025,871,57405.14505
2017-01-07,898.2,908,911.09,815,40602.99826
2017-01-08,908.03,915.9,943.6,890,30742.59543
2017-01-09,915.9,903,916.7,875,16587.34369
2017-01-10,903.01,905.76,918,895.48,12138.62205
2017-01-11,905.76,779.54,923.66,760,62866.9394
2017-01-12,779.54,804.58,831.18,735,35912.5332
2017-01-13,804.58,828.12,832.39,775.61,25872.96063
2017-01-14,827.22,815.3,838.54,800.03,12532.91802
2017-01-15,816.7,820.74,823,805.03,5392.398236
2017-01-16,821.16,830.1,837.97,813.94,7652.416471
2017-01-17,830,903.99,910.8,828,27345.22656
2017-01-18,903.99,887.46,913.85,847.23,21304.1074
2017-01-19,887.49,900.29,910.03,883.49,15082.09729
2017-01-20,901.56,895.74,904.99,883.06,9494.963783
2017-01-21,896.14,924.02,931.01,893.89,12173.61852
2017-01-22,924.3,923.72,939.9,892,21843.9628
2017-01-23,923.72,908.52,928.87,905.99,9766.878327
2017-01-24,908.36,886.1,927.34,884.2,20709.83547
2017-01-25,886.45,893.35,899.61,884.2,10476.73117
2017-01-26,893.9,915.12,917.64,893.49,9821.497599
2017-01-27,915.1,916.7,922.16,905,10140.89978
2017-01-28,916.98,919.43,923.99,915.01,3614.961338
2017-01-29,919.48,912.55,922.99,910.72,2700.815995
2017-01-30,912.56,917.35,920.89,910.01,3459.909377
2017-01-31,917.35,966.19,969.4,916.75,19636.05165
2017-02-01,966.2,983.73,985,960.1,11349.86243
2017-02-02,983.75,1007,1010.6,970.1,17790.55877
2017-02-03,1007,1015.7,1020.5,986.11,18970.00292
2017-02-04,1015.8,1031.1,1040,1001.6,17193.3583
2017-02-05,1030.9,1006.6,1033,995.1,16188.32221
2017-02-06,1007,1022.6,1026.3,1006,8898.684434
2017-02-07,1022.8,1052.1,1056.4,1021.7,15185.97338
2017-02-08,1052.5,1048.8,1070,1006.5,23087.43182
2017-02-09,1049,984.97,1078,936.34,59960.08009
2017-02-10,984.97,992,1002,949.36,24479.88643
2017-02-11,992.02,1000.1,1009,984.01,9333.99287
2017-02-12,1000,996.01,1005.8,992.33,4334.144182
2017-02-13,996,996.5,1004.8,974.22,9050.852296
2017-02-14,996.52,1013.3,1019,988.6,12201.41659
2017-02-15,1013.4,1013.9,1018.2,1002.3,5612.053353
2017-02-16,1013.9,1038.5,1045.8,1013.9,11260.04584
2017-02-17,1037.2,1056.2,1067.4,1033.1,16170.48965
2017-02-18,1056.9,1059.7,1071.1,1053.1,7148.619405
2017-02-19,1059.1,1056.2,1066,1045,6437.650123
2017-02-20,1056.3,1091.2,1110,1040.1,13291.40599
2017-02-21,1091.8,1129.6,1134,1085,24501.72301
2017-02-22,1130.1,1125.5,1140,1106.4,14325.96465
2017-02-23,1125.6,1189.8,1197,1116.5,26155.64695
2017-02-24,1189.5,1185.4,1222.4,1110,48194.73429
2017-02-25,1185.4,1153,1189.9,1131.3,16284.70208
2017-02-26,1153,1178.3,1186.1,1130.7,11081.04642
2017-02-27,1178.7,1195.5,1204,1170,11761.46289
2017-02-28,1195.7,1189.1,1216,1176.6,17472.57655
2017-03-01,1189.1,1233.2,1236.4,1186,22515.14374
2017-03-02,1233.7,1258,1285.9,1212,30567.99576
2017-03-03,1258.5,1289.2,1294.9,1256,22291.04175
2017-03-04,1289.2,1267.8,1291.9,1240,15548.98973
2017-03-05,1267,1278.4,1279.9,1245,9315.379858
2017-03-06,1278.5,1279.2,1287.8,1268,9601.033621
2017-03-07,1279.3,1232.4,1282,1185,42010.77346
2017-03-08,1232.3,1150,1243.6,1142.1,46839.64627
2017-03-09,1149.4,1190.4,1207.6,1136,24142.69865
2017-03-10,1190.3,1115.4,1339.9,958.5,104909.7717
2017-03-11,1113,1172.4,1196.6,1101.2,31258.18932
2017-03-12,1172.5,1224.4,1232.7,1166.8,18976.81818
2017-03-13,1224.4,1238.5,1247.3,1206.7,23066.99796
2017-03-14,1238.5,1245,1258.8,1218.9,17971.76324
2017-03-15,1244.4,1256.2,1263.9,1241,15839.62474
2017-03-16,1257.1,1168.6,1259.7,1132.5,51470.95183
2017-03-17,1169.1,1070.4,1169.8,1065,59231.71537
2017-03-18,1067.8,971.51,1097.9,935.11,87862.7376
2017-03-19,971.63,1016.5,1059,969.4,40547.80017
2017-03-20,1016.1,1040.5,1054.2,1011,20542.76197
2017-03-21,1040.5,1115.9,1122.3,1039,33405.3452
2017-03-22,1115.7,1039.1,1116,985.55,41325.11953
2017-03-23,1039.3,1032.7,1055,1018,19321.73705
2017-03-24,1032.7,942.13,1034.6,928,43525.11623
2017-03-25,942.14,972.17,981,888.2,46012.43192
2017-03-26,972.17,968.9,1006,950.1,33261.23717
2017-03-27,969,1042.7,1046.9,960.1,31918.34553
2017-03-28,1042.8,1044.7,1068.9,1016.2,25249.28778
2017-03-29,1044.3,1041.8,1059,1008.5,22321.19138
2017-03-30,1041.7,1041.2,1053.5,1021.2,24804.75744
2017-03-31,1041.2,1081.5,1089.4,1035,27501.30773
2017-04-01,1081.3,1093.5,1106.9,1070,16999.27799
2017-04-02,1093.3,1107.5,1118.2,1080.9,20419.58345
2017-04-03,1107.6,1150.1,1159.9,1107.5,30421.87752
2017-04-04,1150.2,1145.8,1165.6,1124,21160.72292
2017-04-05,1145.7,1140.4,1146.7,1111.2,22550.24328
2017-04-06,1140.5,1191.5,1206.4,1140.3,32172.39775
2017-04-07,1191.5,1196.6,1209,1176.7,20436.90678
2017-04-08,1196.4,1188.1,1202.9,1171,11020.461
2017-04-09,1188.1,1215.9,1226.9,1179.4,16311.44101
2017-04-10,1216.3,1220.3,1229.9,1208,11550.76844
2017-04-11,1220.2,1235.6,1244.7,1209.1,9556.439376
2017-04-12,1236,1227.4,1244.3,1221,12009.36822
2017-04-13,1227.4,1186.9,1235.3,1163.3,19137.2805
2017-04-14,1189.2,1206.8,1219.2,1184,12312.66933
2017-04-15,1206.7,1193.3,1215,1190,9146.272308
2017-04-16,1194,1212,1217.6,1190.1,4501.301401
2017-04-17,1212.5,1240,1247,1202,15156.76221
2017-04-18,1240,1265.4,1274.8,1237,16135.94721
2017-04-19,1265.2,1260.5,1272,1254.3,7585.47446
2017-04-20,1260.5,1308.5,1326.9,1259.9,15619.65294
2017-04-21,1308.5,1327,1333.1,1307,7996.062821
2017-04-22,1327,1346.4,1354.9,1290,12373.8102
2017-04-23,1345.4,1355.2,1359,1336,7747.284953
2017-04-24,1355.3,1345,1359.6,1325,7914.957404
2017-04-25,1345,1371.1,1378.5,1342.1,8274.250318
2017-04-26,1372.1,1400,1411.7,1362.3,11805.385
2017-04-27,1399.3,1440.3,1449.7,1392.5,10395.02292
2017-04-28,1440.5,1415.6,1447,1366,14015.43951
2017-04-29,1415.9,1423.6,1439.5,1400.1,8767.247284
2017-04-30,1425.4,1435,1443.7,1400.1,8518.99892
2017-05-01,1435.3,1533,1560,1432,22304.38776
2017-05-02,1533,1558.5,1604.6,1473,16733.9476
2017-05-03,1560,1619,1627,1541.9,17068.49028
2017-05-04,1619.6,1607.1,1702,1519,31487.73395
2017-05-05,1607.2,1545.1,1665.9,1505,32641.02705
2017-05-06,1545,1597,1605.1,1540.1,14017.3669
2017-05-07,1597,1619.9,1632.5,1575.1,13909.04678
2017-05-08,1620,1703.5,1715,1618.9,19909.47186
2017-05-09,1703.4,1760,1815,1695.1,31202.81049
2017-05-10,1760,1796.9,1817.4,1722.3,18622.84845
2017-05-11,1796.1,1853.9,1908.1,1763.6,24389.69494
2017-05-12,1855,1735,1864.8,1700.2,21397.59752
2017-05-13,1733.7,1819.5,1825,1666,16604.1258
2017-05-14,1820.6,1827.3,1852.4,1775.2,11331.54939
2017-05-15,1827.3,1772,1830.4,1719,15744.1262
2017-05-16,1772,1786.2,1795.1,1728,9553.876844
2017-05-17,1785.4,1870,1894,1766.3,15843.52867
2017-05-18,1870,1941.5,1954.6,1861,12907.31444
2017-05-19,1941.9,1966.5,2000,1925,23001.54277
2017-05-20,1966.5,2059.3,2072.2,1962.9,21690.02239
2017-05-21,2059.3,2026.6,2099.1,2000.1,17221.87868
2017-05-22,2027,2087.3,2222.2,1978,57242.1146
2017-05-23,2087.3,2249.6,2264.2,2060,22521.55914
2017-05-24,2249.2,2395.5,2444.9,2246.1,29621.02784
2017-05-25,2395.5,2268.1,2690,2141.1,55155.58771
2017-05-26,2268.2,2125.9,2477,2007,39695.54804
2017-05-27,2126,1980.2,2210.8,1810,47142.41211
2017-05-28,1979.9,2056.9,2194.4,1950,25758.38871
2017-05-29,2056.8,2207.4,2249.8,1990,16457.50196
2017-05-30,2207,2146.7,2265,2080.1,21448.6335
2017-05-31,2146.8,2191.8,2241,2000,21235.80538
2017-06-01,2191.600755,2312,2368.2,2187.3,18959.51293
2017-06-02,2311.9,2405.9,2408,2262.8,12549.64323
2017-06-03,2404.7,2461,2481.2,2347.6,10767.98191
2017-06-04,2461.6,2488.2,2498,2365,11880.38342
2017-06-05,2488.2,2636.9,2649.5,2480,15390.90318
2017-06-06,2636.7,2844.6,2899.7,2620,42687.66879
2017-06-07,2844.7,2644,2850,2600.1,22094.39853
2017-06-08,2644.1,2781.5,2789.5,2527,16977.81609
2017-06-09,2783.2,2809,2849.8,2763.9,9521.116767
2017-06-10,2809,2806,2890.5,2711.1,16167.31573
2017-06-11,2810.6,2941.8,3003,2793.4,19034.13682
2017-06-12,2938.8,2569.6,2962.2,2284.4,48340.94769
2017-06-13,2569,2677.1,2730,2528.1,23172.05888
2017-06-14,2677.1,2394.3,2722.422782,2280,34717.77384
2017-06-15,2393.3,2377.5,2455,2046,55839.12799
2017-06-16,2378.7,2437.5,2487,2257.8,22402.38793
2017-06-17,2437.5,2610.1,2636.9,2368.1,16637.61754
2017-06-18,2610,2491.4,2640,2420,19988.15666
2017-06-19,2491.5,2582,2593.9,2480,13719.3025
2017-06-20,2582,2714.5,2780,2568.2,20548.87917
2017-06-21,2713.6,2624.4,2760,2572.3,24534.64226
2017-06-22,2621.9,2672.8,2709,2554.8,15181.54911
2017-06-23,2672.8,2674.9,2726,2652,8139.412746
2017-06-24,2673.1,2502.6,2700,2452.869207,16770.84545
2017-06-25,2504.9,2483.3,2595,2368.3,18137.882
2017-06-26,2483,2393.6,2510.4,2258.7,36367.69576
2017-06-27,2393.5,2521.2,2524,2207.8,33486.18234
2017-06-28,2521.2,2518.2,2566.8,2403.2,21827.31365
2017-06-29,2518.5,2472.4,2537.8,2424,12961.95237
2017-06-30,2472.3,2420.6,2511.1,2404,10401.10294
2017-07-01,2420.6,2346.2,2441,2291,15078.96352
2017-07-02,2346.1,2445.1,2476.3,2302,12034.38847
2017-07-03,2445.1,2524,2587.4,2416.2,16140.02672
2017-07-04,2525.7,2579.9,2628.6,2511,15748.26775
2017-07-05,2579.9,2598.6,2619,2477.9,13534.2209
2017-07-06,2598.5,2593.2,2607.1,2546,9831.805009
2017-07-07,2592.9,2479.3,2598.8,2447,17684.01876
2017-07-08,2479.4,2542,2542.6,2436.1,9695.566666
2017-07-09,2542,2477.9,2555.7,2470.8,7783.158004
2017-07-10,2480.5,2318.3,2499.9,2236.6,28087.99805
2017-07-11,2318.3,2283.8,2375,2182,33052.19044
2017-07-12,2285.5,2375.6,2397,2190,21670.26048
2017-07-13,2374.2,2330.1,2400,2293.1,18420.25303
2017-07-14,2330.1,2206.5,2345.6,2138,27737.40511
2017-07-15,2206.5,1978.6,2210.1,1975.1,41756.10334
2017-07-16,1978.5,1925,2051.1,1826.2,53021.70937
2017-07-17,1925,2220,2223.5,1923.2,40491.97402
2017-07-18,2220,2302.8,2380.2,2139,44173.71438
2017-07-19,2300.4,2253.4,2400,2213.9,35723.08735
2017-07-20,2253.3,2865.1,2922,2253.3,83576.70121
2017-07-21,2874.4,2659,2890,2615,57421.33484
2017-07-22,2659.7,2844.7,2917,2642.8,35233.48963
2017-07-23,2844.7,2750.1,2877.5,2655,35184.98212
2017-07-24,2749.2,2769.7,2812,2707.1,20704.17809
2017-07-25,2769.7,2560.9,2790.1,2417,56100.38384
2017-07-26,2560.9,2527.73812,2612,2404,34182.49179
2017-07-27,2527.73812,2664.6,2682.2,2511,31351.53803
2017-07-28,2664.6,2784.8,2820,2655.5,40535.16793
2017-07-29,2784.9,2713.1,2794.2,2662,24269.79378
2017-07-30,2713.3,2748.2,2760,2582.9,34957.0596
2017-07-31,2748.2,2854.3,2883.5,2694.4,27572.20108
2017-08-01,2854.1,2731.3,2902.2,2604,42307.8092
2017-08-02,2731.9,2702,2758,2610,23762.21734
2017-08-03,2702.2,2790.3,2820,2698,16855.0377
2017-08-04,2790.4,2860,2876,2762.1,18994.721
2017-08-05,2860,3252.3,3339.5,2853.3,50558.24085
2017-08-06,3252.3,3232.1,3315.5,3155.8,16949.87412
2017-08-07,3232,3396,3440,3190,24533.43664
2017-08-08,3395.9,3415,3483.8,3340,31720.31265
2017-08-09,3415,3340.4,3430,3235.1,26260.31204
2017-08-10,3340.3,3405,3447,3310,19129.99939
2017-08-11,3404.9,3643.4,3695,3380,26420.38189
2017-08-12,3642.4,3866.2,3970.1,3589.5,37660.64034
2017-08-13,3865.7,4061.6,4190,3834.2,48212.99472
2017-08-14,4061,4320.8,4330.3,3951,34185.63061
2017-08-15,4321,4151.8,4430,3832.5,64111.03448
2017-08-16,4151.9,4386.4,4405,3925.1,35292.30925
2017-08-17,4386.3,4263,4492.3,4152,40307.0372
2017-08-18,4262.9,4090.1,4360,3954,46806.57024
2017-08-19,4090.1,4145,4187,3907,41765.2744
2017-08-20,4145.1,4063.1,4199.9,3975.1,25124.94564
2017-08-21,4059.6,3998.2,4094.7,3951,26586.21907
2017-08-22,3997.6,4081.9,4141.9,3599,61727.79501
2017-08-23,4083.9,4130.2,4255.2,4045,27484.37736
2017-08-24,4130.8,4322.1,4381,4089.9,22041.11871
2017-08-25,4322.1,4351.5,4464.2,4250,27756.98849
2017-08-26,4351.4,4340.4,4364,4240.7,14795.77225
2017-08-27,4341.5,4332.8,4406.7,4304.4,11162.92616
2017-08-28,4333.8,4385.1,4395.5,4175,21224.24668
2017-08-29,4385.2,4587.1,4648.8,4325.1,32703.08253
2017-08-30,4587.1,4568,4643,4481,17065.10091
2017-08-31,4568,4718.3,4749.9,4566.9,18467.69958
2017-09-01,4718.2,4907.7,4936.9,4660,28785.25416
2017-09-02,4909.2,4532.3,4970,4400.1,54967.19887
2017-09-03,4534.3,4598.5,4699.9,4331,33548.78863
2017-09-04,4598,4205,4611.6,4052,59087.37649
2017-09-05,4207.5,4375,4471,3900.1,57726.33956
2017-09-06,4375,4595.8,4633.7,4352.4,38993.89335
2017-09-07,4592.6,4613.7,4675,4455.1,23131.92973
2017-09-08,4613.6,4304,4694.9,4105,60942.90237
2017-09-09,4304.1,4315.9,4395.2,4151,31108.57266
2017-09-10,4315.4,4233.9,4330,3974.1,45876.53276
2017-09-11,4233.5,4198.7,4383.2,4123,30897.42091
2017-09-12,4200.5,4149.4,4379,4050,40047.82708
2017-09-13,4149.4,3849.7,4160,3731.7,71503.22762
2017-09-14,3849.7,3235.3,3917.2,3204.7,127510.7238
2017-09-15,3235.4,3697.1,3809,2980.4,183116.6815
2017-09-16,3697,3681.5,3875,3511.1,70752.12868
2017-09-17,3679.6,3666.6,3782,3465.1,37038.5367
2017-09-18,3666.9,4084.4,4119,3666.9,58978.69285
2017-09-19,4084.3,3892.2,4114,3836.2,47749.58339
2017-09-20,3892.6,3872.4,4049,3829,33241.55771
2017-09-21,3874.8,3596.7,3905,3560,56944.21172
2017-09-22,3600,3602.3,3748,3490,49235.11147
2017-09-23,3597.9,3779.6,3808.7,3555,25640.09297
2017-09-24,3779.3,3654.7,3783,3615.5,20883.294
2017-09-25,3654.4,3930.1,3977,3653.7,40157.86231
2017-09-26,3930,3881.5,3985,3838,21401.21521
2017-09-27,3881.7,4209.7,4229.5,3876.7,48624.86921
2017-09-28,4207.5,4190,4269,4120,36575.28208
2017-09-29,4190,4168,4245,4024.4,38941.76643
2017-09-30,4167.6,4367.1,4397,4160,31498.7701
2017-10-01,4367.1,4404.3,4424,4248.6,29229.55964
2017-10-02,4404.3,4400.2,4482,4359,29071.34483
2017-10-03,4400.2,4310.6,4439.9,4210.1,28542.15681
2017-10-04,4309.6,4215.9,4359.2,4174.3,26370.959
2017-10-05,4215.9,4312,4372.3,4133,25368.41498
2017-10-06,4311.9,4370,4425.8,4282.2,25931.89802
2017-10-07,4370,4435.6,4505,4309,17423.88599
2017-10-08,4435.9,4611.9,4632.4,4416.3,29834.3849
2017-10-09,4611.8,4782.3,4879.8,4551,48928.09769
2017-10-10,4782.3,4777.7,4940,4716.4,42701.37346
2017-10-11,4777.1,4824.9,4881.4,4715,28908.12597
2017-10-12,4824.9,5440,5445,4815,79502.85493
